"0","knitr::opts_chunk$set(echo = FALSE,warning = FALSE,message = FALSE)"
"0",""
"0","r <- getOption(""repos"")"
"0","r[""CRAN""] <-""https://cloud.r-project.org/"""
"0","options(repos=r)"
"0",""
"0","# install.packages(""pacman"")"
"0",""
"0","pacman::p_load(tidyverse,readxl,haven,sjlabelled,kable,kableExtra)"
"2","Warning:"
"2"," package ‘kable’ is not available for this version of R

A version of this package for your version of R might be available elsewhere,
see the ideas at
https://cran.r-project.org/doc/manuals/r-patched/R-admin.html#Installing-packages
"
"2","Warning:"
"2"," 'BiocManager' not available.  Could not check Bioconductor.

Please use `install.packages('BiocManager')` and then retry.
"
"2","Warning in p_install(package, character.only = TRUE, ...) :"
"2"," 
"
"2","Warning in library(package, lib.loc = lib.loc, character.only = TRUE, logical.return = TRUE,  :"
"2","
 "
"2"," there is no package called ‘kable’
"
"2","Warning in pacman::p_load(tidyverse, readxl, haven, sjlabelled, kable, kableExtra) :"
"2","
 "
"2"," Failed to install/load:
kable
"
