"0","# install.packages(""sjlabelled"")"
"0",""
"0","# we remove all the labels using the package sjlabelled and mutate"
"0","# as factors columns gen and res"
"0","# this step makes it easier later on to work with plots"
"0","# note that it is not a necessary step in general but only for the sake of "
"0","# simplicity here"
"0","dfex2<-dfex %>% sjlabelled::remove_all_labels() %>% "
"0","  mutate(gen=factor(gen),"
"0","         res=factor(res))"
"0",""
"0","# subsamples 15 study participants at random"
"0","tmpdf1<-sample_n(dfex2,15)"
"0","haven::write_sav(tmpdf1,""data/tmpdf1.sav"")"
"0",""
"0","# subsample 60 study participants at random"
"0","tmpdf2<-sample_n(dfex2,60)"
"0","haven::write_sav(tmpdf2,""data/tmpdf2.sav"")"
