"0","# create an object dataframe example `dfex` and assign to it the .sav file `sample.sav` that was introduced previously"
"0","dfex<-haven::read_sav(""data/sample.sav"")"
"0",""
"0","# create an object movies metadata `dfmv` and assign to it the .xlsx file `movies.xlsx`"
"0","# note the different paths to these files"
"0","# note that we specify which sheet to read too; here only sheet 1 is imported"
"0","dfmv<-readxl::read_excel(""mat/movies.xlsx"",1)"
"0",""
"0","# next, we check if the source material was imported successfully by observing the first lines in the tables"
"0","head(dfex)"
