{"chunk_definitions":[{"row":39,"row_count":1,"visible":true,"expansion_state":0,"options":{"engine":"r","label":"setup","include":false,"dev":"png"},"document_id":"5D4792D0","chunk_id":"csetup_chunk","chunk_label":"setup"},{"row":92,"row_count":1,"visible":true,"expansion_state":0,"options":{"engine":"r","label":"unnamed-chunk-4","dev":"png"},"document_id":"5D4792D0","chunk_id":"cda3bn5p0np2e","chunk_label":"unnamed-chunk-3"},{"row":128,"row_count":1,"visible":true,"expansion_state":0,"options":{"engine":"r","label":"unnamed-chunk-1","dev":"png"},"document_id":"0FB2F943","chunk_id":"cwz3kik7mltse","chunk_label":"unnamed-chunk-5"}],"doc_write_time":1715349751,"working_dir":null,"default_chunk_options":{"echo":false,"warning":false,"message":false}}