{
  "hash": "e514ad799b2b10ced9d02b36ca26bbd2",
  "result": {
    "engine": "knitr",
    "markdown": "# Introduction\n\nThis is a book created from markdown and executable code.\n\nSee @knuth84 for additional discussion of literate programming.\n\n\n\n::: {.cell}\n\n```{.r .cell-code}\n1 + 1\n```\n\n::: {.cell-output .cell-output-stdout}\n\n```\n[1] 2\n```\n\n\n:::\n:::\n",
    "supporting": [
      "intro_files"
    ],
    "filters": [
      "rmarkdown/pagebreak.lua"
    ],
    "includes": {},
    "engineDependencies": {
      "knitr": [
        "{\"type\":\"list\",\"attributes\":{},\"value\":[]}"
      ]
    },
    "preserve": null,
    "postProcess": false
  }
}