{
    "sources": [
        {
            "DOI": "10.1093/comjnl/27.2.97",
            "ISSN": "0010-4620",
            "URL": "https://doi.org/10.1093/comjnl/27.2.97",
            "author": [
                {
                    "family": "Knuth",
                    "given": "Donald E."
                }
            ],
            "container-title": "Comput. J.",
            "id": "knuth84",
            "issue": "2",
            "issued": {
                "date-parts": [
                    [
                        1984,
                        5
                    ]
                ]
            },
            "page": "97-111",
            "publisher": "Oxford University Press, Inc.",
            "publisher-place": "USA",
            "title": "Literate programming",
            "type": "article-journal",
            "volume": "27"
        }
    ],
    "project_biblios": [
        "references.bib"
    ]
}