{"chunk_definitions":[{"row":33,"row_count":1,"visible":true,"expansion_state":0,"options":{"engine":"r","label":"setup","include":false,"dev":"png"},"document_id":"5D4792D0","chunk_id":"csetup_chunk","chunk_label":"setup"},{"row":86,"row_count":1,"visible":true,"expansion_state":0,"options":{"engine":"r","label":"unnamed-chunk-20","dev":"png"},"document_id":"5D4792D0","chunk_id":"cda3bn5p0np2e","chunk_label":"unnamed-chunk-3"}],"doc_write_time":1715333030,"working_dir":null,"default_chunk_options":{}}